method,N,h_s,max_grid_component_error_A,rhs_evaluations,jacobian_evaluations,newton_updates,steps
euler,30,0.001,9808.703254334145,30,0,0,30
euler,60,0.0005,64.6100193732153,60,0,0,60
euler,120,0.00025,2.1449222895686733,120,0,0,120
euler,240,0.000125,0.689876984392713,240,0,0,240
euler,480,6.25e-05,0.29398226254400317,480,0,0,480
euler,960,3.125e-05,0.13887814483425065,960,0,0,960
euler,1920,1.5625e-05,0.06769361579530075,1920,0,0,1920
euler,3840,7.8125e-06,0.033421615176143504,3840,0,0,3840
euler,7680,3.90625e-06,0.01660588730097512,7680,0,0,7680
euler,15360,1.953125e-06,0.008276884610643354,15360,0,0,15360
euler,30720,9.765625e-07,0.004131948847720945,30720,0,0,30720
rk4,30,0.001,0.07950081846306967,120,0,0,30
rk4,60,0.0005,0.004730345623136678,240,0,0,60
implicit,30,0.001,1.6465012032421935,60,30,30,30
implicit,60,0.0005,1.103120021369385,120,60,60,60
implicit,120,0.00025,0.731370113747686,240,120,120,120
implicit,240,0.000125,0.43614661117661324,480,240,240,240
implicit,480,6.25e-05,0.2393771071241404,960,480,480,480
implicit,960,3.125e-05,0.12561531248208357,1920,960,960,960
implicit,1920,1.5625e-05,0.06437936024123259,3840,1920,1920,1920
implicit,3840,7.8125e-06,0.03259314233574662,7680,3840,3840,3840
implicit,7680,3.90625e-06,0.016398774785579828,15360,7680,7680,7680
implicit,15360,1.953125e-06,0.0082251068378556,30720,15360,15360,15360
implicit,30720,9.765625e-07,0.004119004426845985,61440,30720,30720,30720
