N,h_s,endpoint_Linf_error_A,used_in_fit,roundoff_region
60,0.0005,0.0006934186857101565,False,False
120,0.00025,3.822234504502475e-05,True,False
240,0.000125,2.2000354831241964e-06,True,False
480,6.25e-05,1.311746791188284e-07,True,False
960,3.125e-05,7.994319872750566e-09,True,False
1920,1.5625e-05,4.931828279097772e-10,True,False
3840,7.8125e-06,3.062927689256867e-11,True,False
7680,3.90625e-06,1.9237944570704713e-12,True,False
15360,1.953125e-06,1.305622276959184e-13,False,False
30720,9.765625e-07,1.9095836023552692e-14,False,True
61440,4.8828125e-07,2.042810365310288e-14,False,True
122880,2.44140625e-07,1.2156942119645464e-14,False,True
